<?xml version="1.0" encoding="UTF-8"?>
<project-private xmlns="http://www.netbeans.org/ns/project-private/1">
    <editor-bookmarks xmlns="http://www.netbeans.org/ns/editor-bookmarks/2" lastBookmarkId="0"/>
    <open-files xmlns="http://www.netbeans.org/ns/projectui-open-files/2">
        <group>
            <file>file:/C:/Users/kawthar/Documents/NetBeansProjects/multimedia_F/src/MainMenue.java</file>
            <file>file:/C:/Users/kawthar/Documents/NetBeansProjects/multimedia_F/src/VideoMenue.java</file>
            <file>file:/C:/Users/kawthar/Documents/NetBeansProjects/multimedia_F/src/Welcoming.java</file>
            <file>file:/C:/Users/kawthar/Documents/NetBeansProjects/multimedia_F/src/SoundMenue.java</file>
            <file>file:/C:/Users/kawthar/Documents/NetBeansProjects/multimedia_F/src/PictureMenue.java</file>
        </group>
    </open-files>
</project-private>
